,messages,time
0,: 安捏過個台灣海峽 1TB上看5萬?," 03/30 20:43
"
1,: 感覺48990or49990了吧," 03/30 20:44
"
2,: 16g/512g," 03/30 20:44
"
3,: https://i.urusai.cc/g9zKI.jpg," 03/30 20:45
"
4,: 大砲就快一萬了," 03/30 20:46
"
5,:  囂張 這是X300U+400mm大砲 梁靜茹演唱會46分鐘," 03/30 20:46
"
6,:  https://m.weibo.cn/detail/5282267190795522," 03/30 20:46
"
7,: 512G的旗艦機竟然還只有12G記憶體," 03/30 20:47
"
8,:  https://weibo.com/tv/show/1034:5282193241473093," 03/30 20:47
"
9,: https://l.urusai.cc/5H74N.jpg," 03/30 20:47
"
10,: 微博那個影片看起來沒很厲害阿，是坐非常遠嗎," 03/30 20:48
"
11,: 好險有16+512G的版本，不然就跟三星難兄難弟," 03/30 20:48
"
12,: 全套11999台幣是不是至少六萬？," 03/30 20:50
"
13,: 微博影片沒有對照遠近確實很難體現畫質如何 不過若," 03/30 20:57
"
14,: 是400mm錄影加上這穩定度覺得也是蠻不錯了," 03/30 20:57
"
15,: 大全套搭的是衛星版，國際版大概不會有吧？," 03/30 20:58
"
16,: 另外有看到台灣媒體也有同步發，台灣確認三色都有," 03/30 20:58
"
17,: 也有1TB版本," 03/30 20:58
"
18,: https://share.google/keNa8515VCf8hS8TL," 03/30 20:58
"
19,: 問題當然也是樓上提的頂配也6萬臺幣了," 03/30 20:58
"
20,: ROG既視感？反正喜歡的還是會狂吹猛吹," 03/30 21:00
"
21,: 感覺X300 pro會漲價..," 03/30 21:01
"
22,: 堆料堆好堆滿不能吹，難道吹擠牙膏的嗎," 03/30 21:01
"
23,: 那個假圖下面我說的價格是正確的," 03/30 21:10
"
24,: http://i.imgur.com/hPX1Odw.jpg," 03/30 21:11
"
25,: 那你很棒啊," 03/30 21:12
"
26,: 這次X300S跟U零售版都是9600，1T給10667不知道國際," 03/30 21:12
"
27,: 版會不會砍規格," 03/30 21:12
"
28,: http://i.imgur.com/vTS1kQl.jpg," 03/30 21:12
"
29,: 期待V粉開箱," 03/30 21:13
"
30,: 加400mm增距鏡應該6萬了吧，尊貴不凡，恭喜板上V粉," 03/30 21:14
"
31,": ，以後不只可以嘴其他廠牌相機, 連價格也可以嘴了"," 03/30 21:14
"
32,: 台灣再來個有誠意的舊換新吧," 03/30 21:21
"
33,: 23u有點心動 希望台灣價格趕快出來," 03/30 21:22
"
34,: 台版猜定價+8000好了," 03/30 21:29
"
35,: 應該比三星便宜一點44900交朋友," 03/30 21:31
"
36,: 訂價比200ultra 多了1000人民幣，不便宜," 03/30 21:33
"
37,: 按照NCC進的規格，要比三星S26u 512G不是50990嗎," 03/30 21:34
"
38,: 不可能比三星貴，44900然後再舊換新吸蘋果三星用戶," 03/30 21:38
"
39,: X100p-X300p 台版大概都加1萬，摺疊Fold5 更是加了," 03/30 21:45
"
40,: 快1.5萬，不覺得300u 台V會多佛心..," 03/30 21:45
"
41,: Oppo N6都還沒開獎嗎？," 03/30 21:47
"
42,: 佛的是舊換新，反正入手價通常不會太難看，等發表," 03/30 21:48
"
43,: 再說吧," 03/30 21:48
"
44,: N6印象是4/9台灣發," 03/30 21:49
"
45,: 台版X300P上市有舊換新加碼、電商現折8000但有限量," 03/30 21:50
"
46,: https://i.mopix.cc/bziHVM.jpg," 03/30 21:51
"
47,: https://i.mopix.cc/ngAU85.jpg," 03/30 21:51
"
48,: 算下來跟陸版差沒多少," 03/30 21:51
"
49,: https://i.mopix.cc/M8iqBD.jpg," 03/30 21:51
"
50,: https://i.mopix.cc/jxngue.jpg," 03/30 21:51
"
51,: https://i.mopix.cc/tIMuAR.jpg," 03/30 21:52
"
52,: https://i.mopix.cc/uEZ5rX.jpg," 03/30 21:52
"
53,: https://i.mopix.cc/HsxuUL.jpg," 03/30 21:52
"
54,: https://i.mopix.cc/B2uvRQ.jpg," 03/30 21:52
"
55,: https://i.mopix.cc/fQ4XHj.jpg," 03/30 21:53
"
56,: https://i.mopix.cc/Szebpn.jpg," 03/30 21:53
"
57,: https://i.mopix.cc/0XdK29.jpg," 03/30 21:53
"
58,: https://i.mopix.cc/ToTdwZ.jpg," 03/30 21:54
"
59,: https://i.mopix.cc/fd9bzV.jpg," 03/30 21:54
"
60,: https://i.mopix.cc/WNp3VP.jpg," 03/30 21:54
"
61,: 阿庫：咱17 pro max 1200美金賣44.9k台票看來也還," 03/30 21:56
"
62,: 好了484阿?XD," 03/30 21:56
"
63,: 真的好期待 希望台灣vivo趕快引進！," 03/30 21:56
"
64,:  https://youtu.be/gvLzNZ3c3ow ZPH," 03/30 21:59
"
65,: 看完鈡文澤的演唱會影片覺得蠻厲害的，但對岸看這," 03/30 22:00
"
66,: 價格彈目還是噴貴," 03/30 22:00
"
67,:   https://youtu.be/kbGcVleJs20 阿盧叔叔:有手就行," 03/30 22:03
"
68,: 接下來看oppo表現了," 03/30 22:06
"
69,: 這價格不行啊," 03/30 22:07
"
70,: 台灣估計38990起," 03/30 22:08
"
71,: 但這個價格不如買a6700+1850+56...," 03/30 22:08
"
72,: 想請問x300s跟oppo x9 pro，這樣看起來會比較推哪一," 03/30 22:09
"
73,: 隻呢？家人剛好在大陸," 03/30 22:09
"
74,: x300s跟x9U不同級別 怎麼會這樣比," 03/30 22:13
"
75,: x9 pro才對," 03/30 22:13
"
76,: https://i.mopix.cc/IatPQ7.jpg," 03/30 22:16
"
77,: 香港 台灣 預計4月底上市 再等幾週！," 03/30 22:17
"
78,: a大不好意思，可以請您細說嗎？," 03/30 22:25
"
79,: 簡單說X9pro=X300pro>X300s>X300," 03/30 22:29
"
80,: 你單眼願意天天拿 那你就買單眼阿," 03/30 22:36
"
81,: 牙膏擠不夠 等14," 03/30 22:39
"
82,: 300U看小白好像問題大會...," 03/30 22:50
"
83,: 300U的本體價格還行 但增距鏡就頗貴了," 03/30 22:52
"
84,: x300s是不是一定要外接那個增距鏡，畫質才行呢," 03/30 22:54
"
85,: 六萬買vivo," 03/30 22:56
"
86,: 要不要增距鏡是看你想要拍到什麼焦段," 03/30 22:56
"
87,: 令我疑惑的是 近年錄像不錯的安卓旗艦," 03/30 22:57
"
88,: 不會想學iPhone推個2TB版本出來嗎?," 03/30 22:57
"
89,: 裝增距鏡然後還要外接個SSD," 03/30 22:57
"
90,: 整坨東西至少半公斤都手持…很刺激吧," 03/30 22:57
"
91,: 300S在原生焦段下都算給的不錯了," 03/30 22:57
"
92,: 更別提那個近年安卓旗艦開始推的," 03/30 22:59
"
93,: Log錄影不是容量吃很大??," 03/30 22:59
"
94,: 最大1TB夠裝幾十分鐘甚至幾小時的錄影原檔嗎?," 03/30 22:59
"
95,: 演唱會有點讓我吃驚 野生的攝影師可以拍成這樣," 03/30 23:03
"
96,: 不過演唱會的音響效果真的值得一噴 有點爛爛的," 03/30 23:04
"
97,: 看到那些陽具增距組合蠻礙眼," 03/30 23:11
"
98,: 期待Oppo X9 ultra," 03/30 23:12
"
99,: 小白評測的小米表現還不錯," 03/30 23:12
"
100,: Log錄影要看支援的載體，H.264 265就還好，RAW Vid," 03/30 23:13
"
101,: eo就很巨大了," 03/30 23:13
"
102,: https://i.imgur.com/svToLzD.jpeg," 03/30 23:13
"
103,: 以每分鐘1GB算，錄個10小時大概600GB," 03/30 23:13
"
104,: 台版依照慣例先加1萬再給你折扣8千，就瘋狂搶購了," 03/30 23:34
"
105,: 台灣演唱會大多禁止增距鏡。," 03/30 23:34
"
106,: ultra才6600mAh 小白續航比x300pro差 更期待oppo了," 03/30 23:40
"
107,: 12G漲500，16G漲1000人民幣," 03/30 23:50
"
108,: http://i.imgur.com/L8iVGLc.jpg," 03/30 23:50
"
109,: 台灣4月底才出的話 可以等x9u打對台了," 03/30 23:59
"
110,: 台灣有YTber介紹X300U了，不知道是不是台版," 03/31 00:02
"
111,: https://youtu.be/lQ9NITQxBDU," 03/31 00:03
"
112,: 陸版X300U沒有esim，那些狂嘴三星沒有esim的一定會," 03/31 00:04
"
113,: 買台V攝影版吧," 03/31 00:04
"
114,: Log錄影倒是沒有很大，現在比較大的是高通新推要跟," 03/31 00:08
"
115,: 蘋果ProRes競爭的APV，5秒就1G了，8K30 Log錄5秒才1," 03/31 00:08
"
116,: 00MB...," 03/31 00:08
"
117,: 我看X300U攝影版的殼也沒有留外接SSD的位置," 03/31 00:12
"
118,: 買到撞到," 03/31 00:13
"
119,: 重看了一次應該是歐版," 03/31 00:15
"
120,: 5秒1G，錄一個小時就720G了," 03/31 00:16
"
121,: 有便宜吧 沒預期的暴漲," 03/31 00:20
"
122,: S24U就有4K120 Log錄影了，這個APV才是新的，不知道," 03/31 00:23
"
123,: vivo會不會下放4K120 Log給24U同期的X100U," 03/31 00:23
"
124,: 你看影視颶風有沒有吹APV就知道了," 03/31 00:48
"
125,: ProRes在標準化的同時也打通了工作流," 03/31 00:49
"
126,: X300 Pro 16+512，5999人民幣，37990；X300 Ultra," 03/31 00:55
"
127,: 16+512，7999人民幣，台幣怎麼看都是50000起步，這," 03/31 00:55
"
128,: 個價位段約等於17PM+S26U的512GB，最低容量還貴一," 03/31 00:55
"
129,: 截的程度，全台銷售能破千隻就算大勝利。," 03/31 00:55
"
130,: 中國網友指出小白和科技美學的商單評測反而像在給," 03/31 00:57
"
131,: 小米17 Ultra抬轎," 03/31 00:57
"
132,: 7999是人民幣 標題用台幣符號？," 03/31 02:43
"
133,: 標題的貨幣單位改一下吧？," 03/31 04:41
"
134,: 阿？為什麼s24u不下放浮水印 x100u都有多久了," 03/31 04:48
"
135,: 買X300 Pro配400mm就好，X300U 35mm根本難用。," 03/31 04:51
"
136,: 會說某某焦段難用的都是不會拍照的人," 03/31 05:18
"
137,: 35mm最經典的人像焦段…," 03/31 07:04
"
138,: 會用到log錄影的少之又少，我比較關注的是這代軟硬," 03/31 08:12
"
139,: 體進步似乎很有限，小米至少端出了新的萊卡模式," 03/31 08:12
"
140,: 35超好用的好嗎…手機主鏡越做越廣，每次打開都要," 03/31 09:14
"
141,: 先放大," 03/31 09:14
"
142,: 這次軟體都花在新的色彩調教上了，可玩性比之前強," 03/31 09:15
"
143,: 相機介面也小改，硬體就是換兩億主鏡跟加上光譜," 03/31 09:15
"
144,: 我做Photogrammetry建模是用35mm," 03/31 09:17
"
145,: 跟50mm環拍，畫面的物件變形小," 03/31 09:17
"
146,: 拼圖後尺寸能更精確。焦段用途不同," 03/31 09:17
"
147,: 哪有什麼好用難用之說！," 03/31 09:17
"
148,: 第一台兩顆200MP鏡頭處理跟銜接的流暢度還是值得觀," 03/31 09:18
"
149,: 察," 03/31 09:18
"
