,title,links
0,[問題] s23u維修還是26u,https://www.ptt.cc/bbs/MobileComm/M.1774870954.A.8B6.html
1,[情報] X300 Ultra 價格公布 16+512 $7999,https://www.ptt.cc/bbs/MobileComm/M.1774874531.A.C05.html
2,[心得] 原亞太299吃到飽用戶換卡換約遠傳399,https://www.ptt.cc/bbs/MobileComm/M.1774875447.A.12B.html
3,Re: [討論] Sony手機的特色是什麼？,https://www.ptt.cc/bbs/MobileComm/M.1774875943.A.5E5.html
4,[購機] OPPO X9/POCO F8Ulta/小米15T Pro,https://www.ptt.cc/bbs/MobileComm/M.1774878953.A.011.html
5,[問題] 台哥大新復原者,https://www.ptt.cc/bbs/MobileComm/M.1774882484.A.0E3.html
6,Re: [討論] 小白 vivO X300s評測:標準版的長槍大砲?,https://www.ptt.cc/bbs/MobileComm/M.1774889630.A.069.html
7,Re: [新聞] 不付費差很大！LINE收回訊息超過1小時就,https://www.ptt.cc/bbs/MobileComm/M.1774890739.A.309.html
8,Re: [討論] 極客灣雲飛針對手機特供回應,https://www.ptt.cc/bbs/MobileComm/M.1774915866.A.B3B.html
9,[置底] 閒聊+代碼分享區,https://www.ptt.cc/bbs/MobileComm/M.1721266183.A.DEA.html
10,[公告] MobileComm 板規,https://www.ptt.cc/bbs/MobileComm/M.1740232019.A.0B8.html
